<application>
  <component name="UpdatesConfigurable">
    <option name="CHECK_NEEDED" value="false" />
    <ignoredBuildNumbers>
      <item value="231.9225.16" />
      <item value="231.9161.38" />
    </ignoredBuildNumbers>
    <option name="LAST_BUILD_CHECKED" value="IU-212.5284.40" />
    <option name="LAST_TIME_CHECKED" value="1699265885007" />
    <pluginHosts>
      <item value="https://plugins.zhile.io" />
    </pluginHosts>
    <option name="THIRD_PARTY_PLUGINS_ALLOWED" value="true" />
  </component>
</application>